ID,freq,var_str,step_energy,type,
1,5.887152e+01,9.104167e+03,3.878214e-02,0,
2,7.172833e+01,2.037037e+03,3.594409e-02,0,
3,0,5000,8.827418e-02,1,
4,6.968884e+01,15000,6.961507e-02,1,
5,6.636015e+01,8750,1.293960e-01,1,
6,0,0,2.668554e-02,0,
